{
    "explosion.frag": {
        "category": "master",
        "sounds": [
            "explosion/frag"
        ]
    },
    "reload.start.light": {
        "category": "master",
        "sounds": [
            "reload/eject_mag_light"
        ]
    },
    "reload.end.light": {
        "category": "master",
        "sounds": [
            "reload/insert_mag_light"
        ]
    },
    "reload.start.normal": {
        "category": "master",
        "sounds": [
            "reload/eject_mag_normal"
        ]
    },
    "reload.end.normal": {
        "category": "master",
        "sounds": [
            "reload/insert_mag_normal"
        ]
    },
    "reload.start.heavy": {
        "category": "master",
        "sounds": [
            "reload/eject_mag_minigun"
        ]
    },
    "reload.end.heavy": {
        "category": "master",
        "sounds": [
            "reload/insert_mag_minigun"
        ]
    },
    "reload.start.shotgun": {
        "category": "master",
        "sounds": [
            "reload/insert_shotgun_shells"
        ]
    },
    "scope.in": {
        "category": "master",
        "sounds": [
            "scope/start_scope"
        ]
    },
    "scope.out": {
        "category": "master",
        "sounds": [
            "scope/end_scope"
        ]
    },
    "shoot.50gs": {
        "category": "master",
        "sounds": [
            "shoot/50gs"
        ]
    },
    "shoot.357magnum": {
        "category": "master",
        "sounds": [
            "shoot/357magnum"
        ]
    },
    "shoot.ak47": {
        "category": "master",
        "sounds": [
            "shoot/ak47"
        ]
    },
    "shoot.aug": {
        "category": "master",
        "sounds": [
            "shoot/aug"
        ]
    },
    "shoot.ax50": {
        "category": "master",
        "sounds": [
            "shoot/ax50"
        ]
    },
    "shoot.fnfal": {
        "category": "master",
        "sounds": [
            "shoot/fnfal"
        ]
    },
    "shoot.fr556": {
        "category": "master",
        "sounds": [
            "shoot/fr556"
        ]
    },
    "shoot.kar98k": {
        "category": "master",
        "sounds": [
            "shoot/kar98k"
        ]
    },
    "shoot.m4a1": {
        "category": "master",
        "sounds": [
            "shoot/m4a1"
        ]
    },
    "shoot.mg34": {
        "category": "master",
        "sounds": [
            "shoot/mg34"
        ]
    },
    "shoot.origin12": {
        "category": "master",
        "sounds": [
            "shoot/origin12"
        ]
    },
    "shoot.r90": {
        "category": "master",
        "sounds": [
            "shoot/r90shotgun"
        ]
    },
    "shoot.rpg7": {
        "category": "master",
        "sounds": [
            "shoot/rpg7"
        ]
    },
    "shoot.uzi": {
        "category": "master",
        "sounds": [
            "shoot/uzi"
        ]
    },
    "shoot.ak": {
        "category": "player",
        "sounds": [
            "shoot/ak"
        ]
    },
    "shoot.bazooka": {
        "category": "player",
        "sounds": [
            "shoot/bazooka"
        ]
    },
    "shoot.carbine": {
        "category": "player",
        "sounds": [
            "shoot/carbine"
        ]
    },
    "shoot.gauss": {
        "category": "player",
        "sounds": [
            "shoot/gauss"
        ]
    },
    "shoot.hunting": {
        "category": "player",
        "sounds": [
            "shoot/hunting"
        ]
    },
    "shoot.hunting_silenced": {
        "category": "player",
        "sounds": [
            "shoot/hunting_silenced"
        ]
    },
    "shoot.olympia": {
        "category": "player",
        "sounds": [
            "shoot/olympia"
        ]
    },
    "shoot.python": {
        "category": "player",
        "sounds": [
            "shoot/python"
        ]
    },
    "shoot.type95": {
        "category": "player",
        "sounds": [
            "shoot/type95"
        ]
    },
    "shoot.deserteagle": {
        "category": "player",
        "sounds": [
            "shoot/deserteagle"
        ]
    },
    "scope.end_scope": {
        "category": "player",
        "sounds": [
            "scope/end_scope"
        ]
    },
    "scope.start_scope": {
        "category": "player",
        "sounds": [
            "scope/start_scope"
        ]
    }
}