{
    "bulletbig": {
        "replace": false,
        "sounds": [
            "bulletbig"
        ]
    },
    "bulletmedium": {
        "replace": false,
        "sounds": [
            "bulletmedium"
        ]
    },
    "bulletsmall": {
        "replace": false,
        "sounds": [
            "bulletsmall"
        ]
    },
    "bulletauto": {
        "replace": false,
        "sounds": [
            "bulletauto"
        ]
    },
    "reloadbolt": {
        "replace": false,
        "sounds": [
            "reloadbolt"
        ]
    },
    "reloadbullet": {
        "replace": false,
        "sounds": [
            "reloadbullet"
        ]
    },
    "reloadmagin": {
        "replace": false,
        "sounds": [
            "reloadmagin"
        ]
    },
    "reloadmagout": {
        "replace": false,
        "sounds": [
            "reloadmagout"
        ]
    },
    "warheadexplode": {
        "replace": false,
        "sounds": [
            "warheadexplode"
        ]
    },
    "warheadlaunch": {
        "replace": false,
        "sounds": [
            "warheadlaunch"
        ]
    },
    "bulletlazer": {
        "replace": false,
        "sounds": [
            "bulletlazer"
        ]
    },
    "flashbang": {
        "replace": false,
        "sounds": [
            "flashbang"
        ]
    },
    "chainsmall": {
        "replace": false,
        "sounds": [
            "chainsmall"
        ]
    },
    "metalhit": {
        "replace": false,
        "sounds": [
            "metalhit"
        ]
    },
    "shockwave": {
        "replace": false,
        "sounds": [
            "shockwave"
        ]
    },
    "lazerfire": {
        "replace": false,
        "sounds": [
            "lazerfire"
        ]
    },
    "bulletswblaster": {
        "replace": false,
        "sounds": [
            "bulletswblaster"
        ]
    },
    "bulletneedler": {
        "replace": false,
        "sounds": [
            "bulletneedler"
        ]
    },
    "bullethalolazer": {
        "replace": false,
        "sounds": [
            "bullethalolazer"
        ]
    },
    "bulletdeagle": {
        "replace": false,
        "sounds": [
            "bulletdeagle"
        ]
    },
    "bulletsmallauto": {
        "replace": false,
        "sounds": [
            "bulletsmallauto"
        ]
    },
    "driving": {
        "replace": false,
        "sounds": [
            "driving"
        ]
    },
    "engine": {
        "replace": false,
        "sounds": [
            "engine"
        ]
    },
    "carskid": {
        "replace": false,
        "sounds": [
            "carskid"
        ]
    },
    "honk": {
        "replace": false,
        "sounds": [
            "honk"
        ]
    },
    "siren": {
        "replace": false,
        "sounds": [
            "siren"
        ]
    },
    "bulletsilence": {
        "replace": false,
        "sounds": [
            "bulletsilence"
        ]
    },
    "shoot.ak": {
        "category": "player",
        "sounds": [
            "shoot/ak"
        ]
    },
    "shoot.bazooka": {
        "category": "player",
        "sounds": [
            "shoot/bazooka"
        ]
    },
    "shoot.carbine": {
        "category": "player",
        "sounds": [
            "shoot/carbine"
        ]
    },
    "shoot.gauss": {
        "category": "player",
        "sounds": [
            "shoot/gauss"
        ]
    },
    "shoot.hunting": {
        "category": "player",
        "sounds": [
            "shoot/hunting"
        ]
    },
    "shoot.hunting_silenced": {
        "category": "player",
        "sounds": [
            "shoot/hunting_silenced"
        ]
    },
    "shoot.olympia": {
        "category": "player",
        "sounds": [
            "shoot/olympia"
        ]
    },
    "shoot.python": {
        "category": "player",
        "sounds": [
            "shoot/python"
        ]
    },
    "shoot.type95": {
        "category": "player",
        "sounds": [
            "shoot/type95"
        ]
    },
    "shoot.deserteagle": {
        "category": "player",
        "sounds": [
            "shoot/deserteagle"
        ]
    },
    "scope.end_scope": {
        "category": "player",
        "sounds": [
            "scope/end_scope"
        ]
    },
    "scope.start_scope": {
        "category": "player",
        "sounds": [
            "scope/start_scope"
        ]
    }
}